48-3161285,4
64-8135737,7
43-5525804,8
18-3793907,5
05-6442991,4
60-6986175,4
29-5957337,4
45-7436313,4
68-5950565,6
03-9128239,4
60-4349529,7
06-3791341,5
81-7375785,4
42-6198213,3
97-8112447,4
04-1542648,8
32-8869315,8
92-5800314,8
06-2341944,6
75-3864909,4
90-6784042,3
36-9673878,6
27-3048001,3
59-2715038,4
21-6555777,8
80-6183421,5
65-9112512,3
89-3902959,3
76-1118197,6
48-3351484,5
02-0266608,6
57-4125163,4
70-7893167,5
57-0424367,6
83-8352991,5
11-1100410,8
49-0080261,4
24-7888240,5
66-3838985,8
16-6618516,6
14-2693845,7
97-0195429,4
21-7418893,8
30-9213029,4
28-1162857,4
33-2228561,7
79-1228579,5
96-9637686,3
54-0828496,7
91-4028990,7
35-5308262,8
